Tool(s),Description,Available commands,amd64,aarch64,riscv64,Installation function,Installed by default
AD apt toolchain,Base AD client tooling (SMB LDAP Kerberos),smbclient | ldapsearch | kinit | klist | samdump2 | onesixtyone | nbtscan | dig | nslookup,✅,✅,✅,ad_apt_tools_install,✅
Impacket,Python classes for Windows network protocols,psexec.py | smbexec.py | wmiexec.py | secretsdump.py | GetNPUsers.py | GetUserSPNs.py | ntlmrelayx.py,✅,✅,✅,impacket_soft_install,✅
Responder,LLMNR NBT-NS and MDNS poisoner,Responder.py in /opt/network/Responder,✅,✅,✅,responder_soft_install,✅
NetExec,Network protocol exploitation and AD enumeration (CrackMapExec successor),netexec | nxc,✅,✅,✅,netexec_soft_install,✅
DonPAPI,Remote DPAPI secret dumping,DonPAPI,✅,✅,✅,donpapi_soft_install,✅
DonPwner,AD exploitation automation on top of DonPAPI,Python scripts in /opt/network/DonPwner,✅,✅,✅,donpwner_soft_install,✅
ldapdomaindump,LDAP-based domain information dumper,ldapdomaindump,✅,✅,✅,ldapdomaindump_soft_install,✅
BloodHound.py,Python ingestor for BloodHound AD graphs,bloodhound-python,✅,✅,✅,bloodhound_py_soft_install,✅
Certipy,AD Certificate Services (ADCS) enumeration and abuse,certipy,✅,✅,✅,certipy_soft_install,✅
bloodyAD,AD privilege escalation framework,bloodyAD,✅,✅,✅,bloodyad_soft_install,✅
certsync,Dump NTDS hashes through ADCS certificates,certsync,✅,✅,✅,certsync_soft_install,✅
mitm6,IPv6 DNS takeover for NTLM relaying,mitm6,✅,✅,✅,mitm6_soft_install,✅
lsassy,Remote LSASS credential extraction,lsassy,✅,✅,✅,lsassy_soft_install,✅
sprayhound,AD password spraying with BloodHound integration,sprayhound,✅,✅,✅,sprayhound_soft_install,✅
kerbrute,Kerberos user enumeration and password spraying,kerbrute,✅,✅,✅,kerbrute_soft_install,✅
SharpLAPS,Retrieve LAPS passwords from LDAP (staged as source for the target),SharpLAPS.exe (if a prebuilt binary ships upstream),✅,✅,✅,sharplaps_soft_install,✅ (staged in /opt/ad)
pyGoldenGMSA,Golden gMSA attack against Group Managed Service Accounts,pygoldengmsa,✅,✅,✅,install_pyGoldenGMSA,✅
skewrun,Wrap a process with a DC-synchronised clock to survive KRB_AP_ERR_SKEW,skewrun,✅,✅,✅ (built with cargo),skewrun_soft_install,✅
